Site,Model,RMSE_log,R2_log,MAE_log,WAPE_log_percent,sMAPE_log_percent,RMSE_raw_kwh,MAE_raw_kwh
0,Persistence (lag-1),0.15135119509774497,0.9971868326816168,0.040408327807454694,1.1278050027868136,0.9284865292357695,32.68080517082495,11.229105385143537
0,LightGBM (No Enthalpy),3.295441514965694,-0.3336782581120856,2.9141667297986964,38.85512780072993,103.12638678393907,788.7398812336752,453.5538286555599
0,LightGBM + Lag Features,0.2284394166818948,0.9935913590678632,0.14433055344947035,1.6440599953866664,75.64276402386815,77.71255617894536,28.374100327945595
0,LightGBM + Enthalpy + Lag,0.2077690602236495,0.9946986606522971,0.1302615816362463,1.842420746349499,75.77038786480381,80.9858773742038,31.17600279634664
0,XGBoost + Lag Features,0.3938240866478442,0.9809529201181474,0.24142101194905774,2.1466653732742866,75.97238586652225,78.0382814587296,27.804384819086106
0,CatBoost + Lag Features,0.25950960190645117,0.9917295199728754,0.16025870148095842,1.3146060760665907,75.47155632880249,45.89186302536827,17.02487087043528
1,Persistence (lag-1),0.08101979926239762,0.9883226717172153,0.050058171120785,1.4816793040166087,1.5135545922083629,4.4608057296815495,2.131179532953445
1,LightGBM (No Enthalpy),2.0783299489384635,-6.68404953280019,1.7825015831274194,52.76053131713616,69.65394971668886,73.99439543018717,57.996707185112285
1,LightGBM + Lag Features,0.07013812679159076,0.9912487621114784,0.04948914028950508,1.464836475220078,1.5538594520708402,3.426536500357591,1.8962108865365292
1,LightGBM + Enthalpy + Lag,0.07223861681734615,0.9907167508281315,0.05087884720465726,1.5059706183325254,1.5929476651252457,3.568774189511768,1.9725367907756013
1,XGBoost + Lag Features,0.07185061655979125,0.9908162053900127,0.05014720387095012,1.4843145977228256,1.5775744721926337,3.550333903909699,1.933108278426667
1,CatBoost + Lag Features,0.07060471926568339,0.9911319399540194,0.05026008601083478,1.4876558130871793,1.5736222852545199,3.4898509825930617,1.9488271406683573
2,Persistence (lag-1),0.15747751478170077,0.9855145695909062,0.07191359303492964,1.5753943482857322,2.072250515133636,18.952581434032446,7.580630327538788
2,LightGBM (No Enthalpy),1.8255687013508606,-0.9466624959162238,1.3620458343066941,29.778295802040226,35.39474159182284,233.88032047887862,146.28682906334777
2,LightGBM + Lag Features,0.13460171261705065,0.9894173247133119,0.06823213869941314,1.4672229823908323,2.277099456120423,21.508358498364533,9.347403468862847
2,LightGBM + Enthalpy + Lag,0.13470700935778745,0.9894007609259422,0.06976296180145967,1.5102429541624651,2.3219700947759896,21.99835913073592,9.703243030145604
2,XGBoost + Lag Features,0.13954617043253378,0.9886255568473192,0.0713358588073342,1.5295874313678637,2.376984360587402,25.003857624478233,10.604573395245877
2,CatBoost + Lag Features,0.14201631060802983,0.9882193093654988,0.07760155716478692,1.6832719471795605,2.5054637104460515,31.483420944169005,13.368584174121494
3,Persistence (lag-1),0.14534786716020662,0.9824392245167891,0.07253699660769915,2.0732820795205584,2.839871089396591,7.939061815325783,3.2746208119512374
3,LightGBM (No Enthalpy),1.1110546378790405,-0.026117742451496895,0.9244244166918548,26.517641596321468,30.658571352808984,59.773229472677016,39.53341716476163
3,LightGBM + Lag Features,0.13923886593232715,0.9838843688573622,0.08116270511613512,2.3148267853036826,3.4646165886019937,6.613945094475007,3.374298582662277
3,LightGBM + Enthalpy + Lag,0.1385624789875855,0.9840405598281645,0.08069367537591127,2.300508658789903,3.4546457362980973,6.605482008674386,3.359739370729694
3,XGBoost + Lag Features,0.13980388924748866,0.9837533108730625,0.08175382391410137,2.3330706788022684,3.456528263098265,6.78297513878407,3.472937743663048
3,CatBoost + Lag Features,0.14899849946584304,0.9815460154233429,0.09044737761176429,2.582139221569177,3.7918391534939437,7.2030729782175715,3.7747033569710347
4,Persistence (lag-1),0.14838517002393384,0.9856837374449995,0.0652635776759657,1.4287391199392805,1.7290324534719106,16.790456056731013,7.732752054970126
4,LightGBM (No Enthalpy),1.4253070857931192,-0.32088663424912633,1.1592916902384913,25.324761575826372,27.78112970661076,203.714116632449,136.89174935468984
4,LightGBM + Lag Features,0.11410398331674078,0.9915345457172494,0.05878560783321239,1.2845777492249917,1.8380042751231032,13.820597199554005,7.083952951426963
4,LightGBM + Enthalpy + Lag,0.11408680416660659,0.9915370945916735,0.058286932610445596,1.2751456748013652,1.8186876027336805,14.061291495268078,7.156975462941856
4,XGBoost + Lag Features,0.11792571698056066,0.990957974903849,0.06168250996581327,1.3500554314787094,1.9702332732374983,13.82725299512749,7.210931227863394
4,CatBoost + Lag Features,0.11441845032211616,0.9914878203651553,0.06194539607516963,1.355871645197222,1.9243300487826644,14.426803870876812,7.704391109815282
5,Persistence (lag-1),0.20017238244688437,0.9042925572823854,0.11869667220113586,6.026505439614136,6.3612794099107886,2.376002677699143,1.2478572739762115
5,LightGBM (No Enthalpy),1.011034312233941,-1.4415700302542631,0.872177960181937,43.822970038520026,40.108403600483996,10.635013811967047,9.056101035916742
5,LightGBM + Lag Features,0.17100977447979523,0.9301479326108366,0.10648830371074784,5.340846805588615,6.930940163651608,1.7532966439040378,0.98392262733227
5,LightGBM + Enthalpy + Lag,0.16980383118539571,0.9311296380715373,0.10604642547371038,5.331330252486988,6.929868579556928,1.7582947221391434,0.9843329097503687
5,XGBoost + Lag Features,0.17192798405234305,0.9293957998308641,0.10734708622048679,5.371315767444433,7.030121279270555,1.782419131688439,0.9948978074389989
5,CatBoost + Lag Features,0.17908754180432754,0.9233930544985943,0.11583262608993797,5.84591206102248,7.519789730092952,1.8208951694540767,1.055871265028157
6,Persistence (lag-1),0.07144088959978225,0.9936078635947275,0.051292872583661726,1.0057458211479007,1.0511931968273376,22.09779031573633,11.982815018571776
6,LightGBM (No Enthalpy),0.8665704451097179,0.0594972440373881,0.7194682170135319,14.107265127915236,15.009205760363677,229.41881936172948,146.71145312079238
6,LightGBM + Lag Features,0.06216643512391961,0.9951597894484642,0.04532005473736787,0.8886313706052904,0.9361559633786123,18.600328143848756,10.16000849208147
6,LightGBM + Enthalpy + Lag,0.0623570172749964,0.9951300669232773,0.045489925443348705,0.8919621794305714,0.9382435520439695,18.995819217516413,10.32208540420446
6,XGBoost + Lag Features,0.06078463002081707,0.9953725697470686,0.04448195128823543,0.8721979170045052,0.9199883077415802,18.018544221920948,9.925927080242477
6,CatBoost + Lag Features,0.06481827707054684,0.9947380430318323,0.04835499510995577,0.9481401959724937,0.9869070934943398,21.455214988927377,11.761624762810683
7,Persistence (lag-1),0.13432479870745037,0.8531886214943588,0.045072439474524155,0.5491595286208005,0.5639388939170925,342.6437799784536,156.8711087436732
7,LightGBM (No Enthalpy),1.948113930683455,-29.879909833709437,1.903561538512832,23.192863962494208,26.157119354180725,3560.42583088788,3328.629825179777
7,LightGBM + Lag Features,0.7492418727818774,-3.567635095176719,0.6668240023033574,8.124538166719972,8.381587370185485,2341.8521083177598,1995.0259109456388
7,LightGBM + Enthalpy + Lag,0.7597596849847621,-3.6967755822117843,0.6800210942838886,8.285330635370137,8.55632549881429,2360.4029430021715,2019.8800616054943
7,XGBoost + Lag Features,0.7413684473938277,-3.4721412986801257,0.6601038508391416,8.042660299593765,8.29273131102045,2327.4373910093886,1982.2790136791386
7,CatBoost + Lag Features,0.7414712018640209,-3.4733810718515965,0.6625381450773884,8.07231957457389,8.32620193727433,2324.619186821733,1985.8930449555444
8,Persistence (lag-1),0.10944426590175765,0.9964810116650078,0.019396376843603666,0.6124702342969987,0.7901114118182102,44.04074754525648,2.38218486905375
8,LightGBM (No Enthalpy),0.9697380440377189,0.7237255838515985,0.7119440150308552,22.533348589324863,30.234369608455573,228.7670106967573,73.72833781739362
8,LightGBM + Lag Features,0.1518826243813634,0.9932228361206641,0.08211851902907029,2.589772215104968,4.3685094708374255,88.84134957954721,22.550003959386952
8,LightGBM + Enthalpy + Lag,0.14958319368025083,0.9934264888355909,0.08082764052817164,2.550472859070353,4.255598402036568,89.23539104654846,22.176520499557533
8,XGBoost + Lag Features,0.15120272765213358,0.993283375742199,0.0823336853095306,2.5628709408937804,4.219762183490589,95.11868663345108,19.86600729347471
8,CatBoost + Lag Features,0.1601096660009392,0.9924687527585291,0.08916301322762224,2.7924560429469927,4.809042389695492,92.92365285626538,23.017851503689336
9,Persistence (lag-1),0.27954660244051205,0.9621015507139863,0.06907346761522103,1.6139360939568346,2.165310416516587,45.27670873992834,6.371728365459158
9,LightGBM (No Enthalpy),1.350878383442261,0.11499544103678394,0.9714580148863708,20.000096512405825,26.926808881193537,142.36398891793246,100.15756073930933
9,LightGBM + Lag Features,0.2890796758695912,0.9594726579692695,0.07976401680270286,1.4861684524621368,9.493173131082314,36.118038943565146,6.019577081412782
9,LightGBM + Enthalpy + Lag,0.2881304321668837,0.9597383782214721,0.08090694021148614,1.4818278405191505,9.486664465516018,35.834794839050176,5.997801101474
9,XGBoost + Lag Features,0.31321943482457726,0.9524215371776601,0.08705962792650179,1.5031495240931039,9.494676896839641,36.94863429486772,6.29291360255493
9,CatBoost + Lag Features,0.2937242918059762,0.9581598980419597,0.0838406083998607,1.5327260378673686,9.542716375151462,35.66863075758263,6.193668314077253
12,Persistence (lag-1),0.20382313822278772,0.8788377102472179,0.06688431322655333,1.508549853987096,1.7184811554594202,9.57675941105348,5.069768707604523
12,LightGBM (No Enthalpy),0.8450827844892977,-1.082854885397735,0.6443864187821797,14.015984632809065,16.37486761908914,50.91913037533915,43.73632597748558
12,LightGBM + Lag Features,0.25762359252443123,0.8064327998476613,0.08666173575411662,1.6386511627091662,3.8562283407750466,9.660027841993772,5.463225399586253
12,LightGBM + Enthalpy + Lag,0.2655959445193911,0.794267272995876,0.08566142479411704,1.5907686238854784,3.8089236426161936,9.564117369179547,5.315405249885381
12,XGBoost + Lag Features,0.2391976471417916,0.8331315196595039,0.08205104666414498,1.5787179556346034,3.7940762247742725,9.673450899448646,5.286533107554341
12,CatBoost + Lag Features,0.222212723052809,0.855988111095944,0.07977705924977452,1.606028274080216,3.8341218996686472,9.423064672396256,5.365900008335697
13,Persistence (lag-1),0.16074161077378712,0.9791120225117653,0.06601694337615054,1.4094388456587823,1.5604954339587596,32.27572575482298,10.618996866824158
13,LightGBM (No Enthalpy),0.8689886799878168,0.3895248407026991,0.6880874775661797,14.763255141582206,15.752565083607736,230.85301849908478,118.6413698596918
13,LightGBM + Lag Features,0.13007417487643086,0.9863220214613154,0.06109462909758376,1.30125635245104,1.4419055547476658,34.44397708765759,11.678535636652851
13,LightGBM + Enthalpy + Lag,0.13142955368978823,0.9860354860267708,0.06223551669629899,1.3261284919465477,1.4685123909582642,34.74140824443147,11.839140954619609
13,XGBoost + Lag Features,0.13125160036168915,0.9860732758437829,0.06212765503639284,1.3234561803293359,1.4661642601322118,36.16558808983561,11.951275897829158
13,CatBoost + Lag Features,0.13366132611404807,0.9855572035689515,0.06695707029902254,1.4279899423058198,1.5561068329776073,41.414364102481684,13.85911356879204
14,Persistence (lag-1),0.4159888207764864,0.9090007356215098,0.09525475590951742,1.5592945471268926,2.3535105654552324,41.58242009765033,17.265362885330422
14,LightGBM (No Enthalpy),1.2984108105536822,0.11345903554542691,0.834778545216867,11.881715266097551,21.460342248979586,185.71410299397408,146.1608265313334
14,LightGBM + Lag Features,0.41660934294795643,0.9087290495871616,0.12049823082348543,1.662633756277072,10.623492447773076,43.68268968774634,19.879731101609657
14,LightGBM + Enthalpy + Lag,0.43062353736002074,0.9024852996343988,0.12594906927802718,1.714464877272852,10.679004233529609,44.786464373717,20.580072651308964
14,XGBoost + Lag Features,0.5586177933999148,0.8359016960904362,0.2322090903789002,3.692772328194443,12.574853802023291,100.55900956135302,46.93566986433675
14,CatBoost + Lag Features,0.43049355194164757,0.9025441611454486,0.13130668713139992,1.768889366052206,10.720359468101401,44.91927651282035,21.690362657300508
15,Persistence (lag-1),0.18879593174419543,0.9858144818591615,0.08180703312646737,1.9790240811612096,2.1677047040168116,16.118315846750107,7.846122779745542
15,LightGBM (No Enthalpy),1.227408134499914,0.4004327058326367,0.8691433079013027,16.361843845900257,28.402128735485622,173.19293733861474,88.47714374842776
15,LightGBM + Lag Features,0.20764615275381673,0.9828403779519009,0.13373173904135557,3.077305779398112,14.750381229410545,24.531954233486363,14.164689266557092
15,LightGBM + Enthalpy + Lag,0.22863100208787568,0.9791967983022565,0.14835926876672578,3.354901451162409,14.93585265457116,26.77035712437383,15.852142390403474
15,XGBoost + Lag Features,0.29342489108618874,0.9657347547811591,0.20578994009025334,4.548489287596013,16.374847616755066,35.814538599796165,21.596629135038633
15,CatBoost + Lag Features,0.18466372063504857,0.9864286483672106,0.10343303757452961,2.3101495369145453,13.956888797765341,17.975245339506127,10.33494047347179
